ERP SKU,Description,Brand,CAS,PackSize,Last Direct Cost,Partner,Wholesales,Dealer,User,LinearFormula,FormulaWeight,Density,FlashPoint,MeltingPoint,BoilingPoint,UNNumber,HazardClass,PackingGroup,TariffCode,StorageConditions,Shipment,ShelfLifeMonths,Id
ALF-045348.AE,"Sulfur in Light Mineral Oil standard solution, Specpure|r, 15^mg/g (0.0015%)",THEM,,100g,,3130,3760,4140,4770,,,,,,,,,,3822000090,Ambient,Air/Sea/Road,24,5331FAA8-87DD-4FB2-82CD-747067286020
ALF-045349.AE,"Sulfur in Light Mineral Oil standard solution, Specpure|r, 20^mg/g (0.0020%)",THEM,,500g,,11820,14190,15610,17960,,,,,,,,,,3822000090,Ambient,Air/Sea/Road,24,AD599E30-7E9D-4A06-8D0C-545D6EA123A7
ALF-045350.AE,"Sulfur in Heavy Mineral Oil standard solution, Specpure|r, 15^mg/g (0.0015%)",THEM,,2kg,,41510,49820,54810,63040,,,,,,,,,,3822000000,Ambient,Air/Sea/Road,24,46978E65-F7EB-4476-A43B-7BA7C792575D
ALF-045351.AE,"Sulfur in Heavy Mineral Oil standard solution, Specpure|r, 20^mg/g (0.0020%)",THEM,,1each,,31070,37290,41020,47180,,,,,,,,,,3822000090,Ambient,Air/Sea/Road,24,297FFC1B-6CBB-471D-B822-F1C24F33988F
ALF-045352.AE,"Sulfur in Isooctane standard solution, Specpure|r, 15^mg/g (0.0015%)",THEM,,1g,,27380,32860,36150,41580,,,,,,,1262,3,II,3822000000,Ambient,Air/Sea/Road,18,01BB1182-16C3-4AC6-A29C-D3995C685A71
ALF-045353.AE,"Sulfur in Isooctane standard solution, Specpure|r, 20^mg/g (0.0020%)",THEM,,250mg,,7940,9530,10490,12070,,,,,,,1262,3,II,3822000000,Ambient,Air/Sea/Road,18,9E0B726E-9076-4FE7-AE78-80F68627C035
ALF-045354.22,"Lead in Isooctane standard solution, Specpure|r, 0^mg/g(0.0g/gal)",THEM,,3m                       ,,1760,2120,2340,2700,,,,,,,1262,3,II,3822000000,Ambient,Air/Sea/Road,24,72047E3C-EE6E-42EA-A05E-91867006B7A6
ALF-045356.KS,"Toray Carbon Paper, TGP-H-60, 19x19cm",THEM,,5g,,8510,10220,11250,12940,,,,,,,,,,6815101000,Ambient,Air/Sea/Road,60,57E96A13-632F-49CC-A42C-DA7C886B9AFF
ALF-045365.KS,"Toray Carbon Paper, PTFE treated, TGP-H-60, 19x19cm",THEM,,25g,,41090,49310,54250,62390,,,,,,,,,,6815101000,Ambient,Air/Sea/Road,120,D1966D5A-71AC-4C6D-BEA4-05365EE6E4AE
ALF-045379.22,"Tungsten powder, -50+100 mesh, 99+% (metals basis)",THEM,,1g,,4830,5800,6380,7340,,,,,,,3089,4.1,III,8101100000,Ambient,Air/Sea/Road,60,66861200-61F3-4924-985C-EDE6269DE35A
ALF-045379.36,"Tungsten powder, -50+100 mesh, 99+% (metals basis)",THEM,,5g,,18800,22560,24820,28550,,,,,,,3089,4.1,III,8101100000,Ambient,Air/Sea/Road,60,664E753D-F1E6-4D14-9715-FEED349C4D89
ALF-045379.A3,"Tungsten powder, -50+100 mesh, 99+% (metals basis)",THEM,,1g                       ,,5320,6390,7030,8090,,,,,,,3089,4.1,III,8101100000,Ambient,Air/Sea/Road,60,D786663B-651E-49E9-84EE-246234E9CE93
ALF-045384.9W,"Osmium(VIII) oxide, 2% aq. soln.",THEM,,1g,,3080,3700,4070,4690,,,,,,,3287,6.1,III,2843909000,Ambient,Air/Sea/Road,6,172DB831-1AF8-4876-8E09-BF0771861390
ALF-045384.AB,"Osmium(VIII) oxide, 2% aq. soln.",THEM,,5g,,13070,15690,17260,19850,,,,,,,3287,6.1,III,2843909000,Ambient,Air/Sea/Road,6,598431CF-B39F-465C-B368-1294D8388348
ALF-045385.9W,"Osmium(VIII) oxide, 4% aq. soln.",THEM,,1g,,2320,2790,3070,3540,,,,,,,3287,6.1,III,2843909000,Ambient,Air/Sea/Road,6,A729E92C-5EFA-4A5F-B7F7-98E391FC5EEE
ALF-045385.AB,"Osmium(VIII) oxide, 4% aq. soln.",THEM,,5g,,8780,10540,11600,13340,,,,,,,3287,6.1,III,2843909000,Ambient,Air/Sea/Road,6,D9FA0D1F-BD80-45F6-ABBC-B20EEC6119E3
ALF-045386.KS,"Germanium Optical Window, 25.4mm (1.0in) dia x 1mm (0.04in) thick",THEM,,1g,,3260,3920,4320,4970,,,,,,,,,,9027900000,Ambient,Air/Sea/Road,360,0E7DB1E1-7B50-4778-A81F-0B75FA7C1489
ALF-045387.KS,"Germanium Optical Window, 25.4mm (1.0in) dia x 2mm (0.08in) thick",THEM,,5g,,12690,15230,16760,19280,,,,,,,,,,9027900000,Ambient,Air/Sea/Road,360,8011F9F7-9982-46CC-BDB1-526D44FF000B
ALF-045396.4I,Malic Enzyme,THEM,,250ml,,2360,2840,3130,3600,,,,,,,,,,3507909090,Ambient,Air/Sea/Road,60,B266DC76-4B57-4732-A355-E5284E682D8F
ALF-045399.4I,S5-Alcohol Dehydrogenase,THEM,,1000g,,39010,46820,51510,59240,,,,,,,,,,3507909090,Ambient,Air/Sea/Road,36,5E39E2F7-38AA-42A2-8E17-4E7D035690BD
ALF-045402.4I,D-Glucose dehydrogenase,THEM,,50g,,4140,4970,5470,6300,,,,,,,,,,3507909090,Ambient,Air/Sea/Road,60,CA70A31A-5488-436B-9A7B-B44A7AF9EBF9
ALF-045402.O@,D-Glucose dehydrogenase,THEM,,250g,,15040,18050,19860,22840,,,,,,,,,,3507909090,Ambient,Air/Sea/Road,60,EFEAECF2-B904-442F-84B8-11101F4AF840
ALF-045411.06,"Silver cyanate, 98%",THEM,,5g,,5550,6660,7330,8430,,,4,,,,,,,2843290000,Ambient,Air/Sea/Road,12,EAE37685-00C8-48B9-9C44-2D435D2B50E8
ALF-045411.14,"Silver cyanate, 98%",THEM,,25g,,22750,27300,30030,34540,,,4,,,,,,,2843290000,Ambient,Air/Sea/Road,12,A80E9891-A809-4A5A-811C-8A21C609539A
ALF-045443.09,"Platinum, 5% on activated carbon powder, Type B109032-5, standard, reduced, nominally 60% water wet, sulfided",THEM,,5g,,5660,6800,7480,8610,,,,,,,,,,3815120090,Ambient,Air/Sea/Road,60,5B6F685A-3DFB-4EE9-98FF-2DB54FC5A23C
ALF-045443.18,"Platinum, 5% on activated carbon powder, Type B109032-5, standard, reduced, nominally 60% water wet, sulfided",THEM,,25g,,23250,27900,30690,35300,,,,,,,,,,3815120090,Ambient,Air/Sea/Road,60,363E7E30-BA78-4C63-9BD3-4478102554D1
ALF-045445.06,"Platinum, 5% on activated carbon paste, B103032-5",THEM,,5g                       ,,5890,7070,7780,8950,,,,,,,,,,3815120090,Ambient,Air/Sea/Road,60,9843D120-94DD-4522-A0B4-3C0EA246753B
ALF-045445.14,"Platinum, 5% on activated carbon paste, B103032-5",THEM,,1g,,14440,17330,19070,21940,,,,,,,,,,3815120090,Ambient,Air/Sea/Road,60,6443239E-A1D2-44E2-8512-8B54FFE1A6B6
ALF-045453.03,"Dichlorobis(di-tert-butylphenylphosphine)palladium(II), Pd 17.1%",THEM,,250mg,,4640,5570,6130,7050,,,,,dec.,,,,,2843909000,Ambient,Air/Sea/Road,36,43AA3EEA-73FA-45FF-BBAE-185425EEB450
ALF-045453.MD,"Dichlorobis(di-tert-butylphenylphosphine)palladium(II), Pd 17.1%",THEM,,5g                       ,,2410,2900,3190,3670,,,,,dec.,,,,,2843909000,Ambient,Air/Sea/Road,36,91794DAB-7F09-4971-B52F-FA57ED536E43
ALF-045454.09,"Zinc sulfide, 99.995% (metals basis)",THEM,,5g,,2480,2980,3280,3780,,,4.1,,1700?,,,,,2830908500,Ambient,Air/Sea/Road,60,18629E34-A0F3-4B9B-BE5C-113A71A1796A
ALF-045454.18,"Zinc sulfide, 99.995% (metals basis)",THEM,,25g,,9230,11080,12190,14020,,,4.1,,1700?,,,,,2830908500,Ambient,Air/Sea/Road,60,4F93175C-DB7A-4C3E-A09D-3AD323A1E238
ALF-045454.30,"Zinc sulfide, 99.995% (metals basis)",THEM,,5g,,2030,2440,2690,3100,,,4.1,,1700?,,,,,2830908500,Ambient,Air/Sea/Road,60,E34F8A2A-C381-4647-B3CE-D2421B763176
ALF-045455.18,"Cadmium sulfide, 99.999% (metals basis)",THEM,,25g,,7410,8900,9790,11260,,,4.82,,980? subl.,,2570,6.1,III,2830908590,Ambient,Air/Sea/Road,60,F4B1A1C0-FE0D-4280-B8DD-28185C112515
ALF-045455.30,"Cadmium sulfide, 99.999% (metals basis)",THEM,,1g,,49900,59880,65870,75760,,,4.82,,980? subl.,,2570,6.1,III,2830908590,Ambient,Air/Sea/Road,60,2E144667-E799-4756-88B3-9E28150DAEB8
ALF-045456.09,"Cadmium selenide, 99.999% (metals basis)",THEM,,5g                       ,,2000,2400,2640,3040,,,5.81,,>1350?,,3283,6.1,III,2842901000,Ambient,Air/Sea/Road,120,57587A1C-4029-44E8-967C-7B35B3ED81DB
ALF-045456.18,"Cadmium selenide, 99.999% (metals basis)",THEM,,25g                      ,,6990,8390,9230,10620,,,5.81,,>1350?,,3283,6.1,III,2842901000,Ambient,Air/Sea/Road,120,16603B4F-645C-401F-9261-8767F399A8DC
ALF-045457.06,"Cadmium telluride, 99.999% (metals basis)",THEM,,1each,,17020,20430,22480,25860,,,6.2,,1041?,,,,,2842901000,Ambient,Air/Sea/Road,120,647A9368-64E6-43A0-BE95-4382D3208E21
ALF-045457.14,"Cadmium telluride, 99.999% (metals basis)",THEM,,5g         ,,1220,1470,1620,1870,,,6.2,,1041?,,,,,2842901000,Ambient,Air/Sea/Road,120,466BB29D-6A33-4B59-8A19-DABC702A69E8
ALF-045458.06,"Silver sulfide, 99.999% (metals basis)",THEM,,5g                       ,,1220,1470,1620,1870,,,7.317,,825?,,,,,2843290000,Ambient,Air/Sea/Road,120,B49291E8-C84B-4839-95FD-40AB4FDDDE77
ALF-045458.14,"Silver sulfide, 99.999% (metals basis)",THEM,,5g                       ,,1410,1700,1870,2160,,,7.317,,825?,,,,,2843290000,Ambient,Air/Sea/Road,120,2C81D6CF-D1BF-42F6-85DC-43F2EB69394D
ALF-045459.02,"Zinc phosphide, 99.999% (metals basis)",THEM,,1kit,,3840,4610,5080,5850,,,4.55,,420?,1100?,1714,4.3,I,2853909090,Ambient,Air/Sea/Road,60,C783FB1C-4452-4406-B09B-1CFBDA2D912B
ALF-045459.04,"Zinc phosphide, 99.999% (metals basis)",THEM,,100g,,19220,23070,25380,29190,,,4.55,,420?,1100?,1714,4.3,I,2853909090,Ambient,Air/Sea/Road,60,9B3E22CC-3E1B-4FCA-B4CC-B009C2CFC292
ALF-045459.09,"Zinc phosphide, 99.999% (metals basis)",THEM,,500g,,68660,82400,90640,104240,,,4.55,,420?,1100?,1714,4.3,I,2853909090,Ambient,Air/Sea/Road,60,9496D11F-A5A3-43E8-86C6-BEB6369FDD06
ALF-045460.09,"Indium(III) oxide, 99.995% (metals basis)",THEM,,1g,,7830,9400,10340,11900,,,7.18,,850? volat.,,,,,2825908590,Ambient,Air/Sea/Road,60,3CCA3FBD-D12A-43D4-9AD5-5747B87FD97E
ALF-045460.18,"Indium(III) oxide, 99.995% (metals basis)",THEM,,5g,,10330,12400,13640,15690,,,7.18,,850? volat.,,,,,2825908590,Ambient,Air/Sea/Road,60,CCE1F597-89BF-4AC8-948F-07B98352C115
ALF-045461.03,"Germanium(II) telluride, 99.999%",THEM,,1L,,1570,1890,2080,2400,,,6.14,,725?,,,,,2842901000,Ambient,Air/Sea/Road,36,D4E32E37-14A9-430A-B944-93FD11C03BAE
ALF-045461.06,"Germanium(II) telluride, 99.999%",THEM,,*4x1L,,4520,5430,5980,6880,,,6.14,,725?,,,,,2842901000,Ambient,Air/Sea/Road,36,2D6D32B4-586E-4765-9B28-37BDE7CCD039
ALF-045462.09,"Lead(II) sulfide, 99.995% (metals basis)",THEM,,100g,,2040,2450,2700,3110,,,7.5,,1114?,,3077,9,III,2830908500,Ambient,Air/Sea/Road,60,777DF73F-3B48-40F5-B66B-17DF9A53A7FA
ALF-045463.18,"Bismuth(III) sulfide, 99.999% (metals basis)",THEM,,500g,,5590,6710,7390,8500,,,7.7,,,,,,,2830908500,Ambient,Air/Sea/Road,60,DA842E39-540E-4323-A05D-CE37E1606C61
ALF-045463.30,"Bismuth(III) sulfide, 99.999% (metals basis)",THEM,,2.5kg,,20660,24800,27280,31380,,,7.7,,,,,,,2830908500,Ambient,Air/Sea/Road,60,C1884906-3CD9-4136-91AD-C52947F3F3C3
ALF-045464.09,"Antimony(III) sulfide, 99.999% (metals basis)",THEM,,100g,,1330,1600,1760,2030,,,,,550?,,,,,2830901100,Ambient,Air/Sea/Road,60,5621E3F4-A58F-4D50-A709-8A5482C7EF75
ALF-045464.18,"Antimony(III) sulfide, 99.999% (metals basis)",THEM,,500g,,4980,5980,6580,7570,,,,,550?,,,,,2830901100,Ambient,Air/Sea/Road,60,B96D2B64-0396-488E-B338-678E5BFCFA5A
ALF-045467.36,"Iron-chrome based high temperature gas shift catalyst,      HiFUEL|r W210",THEM,,1each,,14510,17420,19170,22050,,,,,,,,,,3815199090,Ambient,Air/Sea/Road,120,2EC9D332-5F2B-4B00-A380-4BB9AA2E1D0D
ALF-045467.A1,"Iron-chrome based high temperature gas shift catalyst,      HiFUEL|r W210",THEM,,1000g                    ,,18730,22480,24730,28440,,,,,,,,,,3815199090,Ambient,Air/Sea/Road,120,887C80D2-8961-4D1E-9D28-C7C8B2372AEB
ALF-045467.A4,"Iron-chrome based high temperature gas shift catalyst,      HiFUEL|r W210",THEM,,25m,,15540,18650,20520,23600,,,,,,,,,,3815199090,Ambient,Air/Sea/Road,120,41ED308D-E42A-4CD1-BA4D-95908BB1612B
ALF-045469.36,"Zinc oxide based sulfur removal material, HiFUEL|r A310",THEM,,100m,,51390,61670,67840,78020,,,,,,,3077,9,III,2817000000,Ambient,Air/Sea/Road,120,9DA57DFE-63B3-4191-85EE-D095B3A5B38D
ALF-045469.A1,"Zinc oxide based sulfur removal material, HiFUEL|r A310",THEM,,1g,,26280,31540,34700,39910,,,,,,,3077,9,III,2817000000,Ambient,Air/Sea/Road,120,DBF9E572-EBD9-4633-80B4-8CFD8E83235B
ALF-045469.A4,"Zinc oxide based sulfur removal material, HiFUEL|r A310",THEM,,250mg,,7560,9080,9990,11490,,,,,,,3077,9,III,2817000000,Ambient,Air/Sea/Road,120,47C0F83C-EC77-4BC2-9AC7-E1BD3932180F
ALF-045477.18,"Perfluoro(1,3-dimethylcyclohexane), tech. 90%",THEM,,1each,,6460,7760,8540,9830,,,1.828,,-55?,101-102?,,,,2903898090,Ambient,Air/Sea/Road,60,3AC28FF2-394D-4AEE-9BA8-6EB547CD1A53
ALF-045477.30,"Perfluoro(1,3-dimethylcyclohexane), tech. 90%",THEM,,10g                      ,,1980,2380,2620,3020,,,1.828,,-55?,101-102?,,,,2903898090,Ambient,Air/Sea/Road,60,D9BFEE3C-2183-412F-9C62-3836FA1A047D
ALF-045478.22,"Carbon, activated, -20+40 mesh",THEM,,10g                      ,,7520,9030,9940,11440,,,,,,,,,,3802100090,Ambient,Air/Sea/Road,60,635420FF-433F-4E31-A527-BDC8D6D2B91C
ALF-045478.36,"Carbon, activated, -20+40 mesh",THEM,,25g,,1470,1770,1950,2250,,,,,,,,,,3802100090,Ambient,Air/Sea/Road,60,6FD3A955-CFAD-4E4E-B930-97953DAB613C
ALF-045478.A3,"Carbon, activated, -20+40 mesh",THEM,,100g,,3950,4740,5220,6010,,,,,,,,,,3802100090,Ambient,Air/Sea/Road,60,759338A4-A8AE-4A62-AB60-4E89015B9678
ALF-045479.AN,"Nitric acid, fuming, 98%",THEM,,500g,,17060,20480,22530,25910,,,1.5,,ca -50?,85?,2032,8,I,2808000000,Ambient,Air/Sea/Road,60,0B144237-7E7E-4E32-B124-2C4F1718E113
ALF-045480.AA,"Tin(IV) isopropoxide, 99% (metals basis), 10% w/v in isopropanol",THEM,,25g,,1280,1540,1700,1960,,,,,,,3274,3,II,3824999699,Ambient,Air/Sea/Road,36,585199C2-A23D-4800-AB9D-00E0DA8C6188
ALF-045480.AC,"Tin(IV) isopropoxide, 99% (metals basis), 10% w/v in isopropanol",THEM,,100g,,3500,4200,4620,5320,,,,,,,3274,3,II,3824999699,Ambient,Air/Sea/Road,36,BFAC2BAA-8B0F-407E-9114-3BF9CD119F17
ALF-045480.AE,"Tin(IV) isopropoxide, 99% (metals basis), 10% w/v in isopropanol",THEM,,500g,,15950,19140,21060,24220,,,,,,,3274,3,II,3824999699,Ambient,Air/Sea/Road,36,AAE4377A-6B71-4A8F-9B93-1A9CDEDA9D6E
ALF-045480.AP,"Tin(IV) isopropoxide, 99% (metals basis), 10% w/v in isopropanol",THEM,,1each,,27800,33360,36700,42210,,,,,,,3274,3,II,3824999699,Ambient,Air/Sea/Road,36,7C0240FC-F0FA-4EA8-AB27-AEA922497108
ALF-045481.06,"Tin pieces, Puratronic|r, 99.9999+% (metals basis)",THEM,,25g,,1330,1600,1760,2030,,,,,,,,,,8001100000,Ambient,Air/Sea/Road,60,00260849-A3D9-463E-8CFE-E5D84182C967
ALF-045481.14,"Tin pieces, Puratronic|r, 99.9999+% (metals basis)",THEM,,100g,,3610,4340,4780,5500,,,,,,,,,,8001100000,Ambient,Air/Sea/Road,60,FCF1C081-2075-4DF0-ADD0-F068BFE1084E
ALF-045481.22,"Tin pieces, Puratronic|r, 99.9999+% (metals basis)",THEM,,500g,,15610,18740,20620,23720,,,,,,,,,,8001100000,Ambient,Air/Sea/Road,60,B379B08D-851D-4FD7-8AC5-75D247C0D16E
ALF-045483.03,"Hafnium(IV) oxide, 99.995%, (metals basis excluding Zr), Zr typically <0.2%",THEM,,25g,,1340,1610,1780,2050,,,9.68,,2774?,,,,,2825908590,Ambient,Air/Sea/Road,60,9B3A9C25-25BE-4F66-8A95-A6CD6972E6EE
ALF-045483.06,"Hafnium(IV) oxide, 99.995%, (metals basis excluding Zr), Zr typically <0.2%",THEM,,100g,,3610,4340,4780,5500,,,9.68,,2774?,,,,,2825908590,Ambient,Air/Sea/Road,60,25EE9440-8452-4282-9B37-BCF36DA9BFD5
ALF-045484.KF,"Ruthenium cubes, 6mm (0.24in) square, 99.9% (metals basis)",THEM,,500g,,15950,19140,21060,24220,,,,,,,,,,7110490000,Ambient,Air/Sea/Road,360,D2D446F5-50FE-44D6-971D-AF9E253B409E
ALF-045485.BU,"Titanium wire, 1.0mm (0.04in) dia, hard, 99.99% (metals basis)",THEM,,25g,,1250,1500,1650,1900,,,,,,,,,,8108903090,Ambient,Air/Sea/Road,360,EF85F261-D9C5-40BF-8BD5-7D45891C92BE
ALF-045485.BY,"Titanium wire, 1.0mm (0.04in) dia, hard, 99.99% (metals basis)",THEM,,100g,,3570,4290,4720,5430,,,,,,,,,,8108903090,Ambient,Air/Sea/Road,360,4F61A0B1-1FA3-401D-8B10-DB64C07B645C
ALF-045485.CC,"Titanium wire, 1.0mm (0.04in) dia, hard, 99.99% (metals basis)",THEM,,500g,,15160,18200,20020,23030,,,,,,,,,,8108903090,Ambient,Air/Sea/Road,360,FA326DBB-6799-4514-9677-4F45094E042C
ALF-045486.KT,"Zinc oxide substrate, 10x10x0.5mm, polished one side, 0001 orientation",THEM,,25g,,1310,1580,1740,2010,,,,,,,3077,9,III,2817000000,Ambient,Air/Sea/Road,360,094BA232-FEF8-4F35-A4C1-53DB19A71DC8
ALF-045488.03,"Tris(1-methoxy-2-methyl-2-propoxy)bismuth, 99.99% (metals basis)",THEM,,100g,,3550,4260,4690,5400,,,,,70?,,,,,2909498000,Ambient,Air/Sea/Road,60,6E7829ED-3105-431A-8C25-1241F7B18CC8
ALF-045488.06,"Tris(1-methoxy-2-methyl-2-propoxy)bismuth, 99.99% (metals basis)",THEM,,500g,,16300,19560,21520,24750,,,,,70?,,,,,2909498000,Ambient,Air/Sea/Road,60,AA8DBB7E-5B3F-4320-9793-215C50B1E37E
ALF-045488.14,"Tris(1-methoxy-2-methyl-2-propoxy)bismuth, 99.99% (metals basis)",THEM,,25g,,1450,1740,1920,2210,,,,,70?,,,,,2909498000,Ambient,Air/Sea/Road,60,4750BBB5-2E6B-40C1-A77A-1A4C1B605139
ALF-045490.22,"Methyl cellulose, viscosity 15 cPs",THEM,,100g,,3610,4340,4780,5500,,,,,,,,,,3912398590,Ambient,Air/Sea/Road,60,1E2C49C6-0F7D-408B-9039-4E2F3758499E
ALF-045490.36,"Methyl cellulose, viscosity 15 cPs",THEM,,500g,,15610,18740,20620,23720,,,,,,,,,,3912398590,Ambient,Air/Sea/Road,60,090256C1-F731-4EF1-9663-6FFE3475AA68
ALF-045490.A4,"Methyl cellulose, viscosity 15 cPs",THEM,,25g,,1260,1520,1680,1940,,,,,,,,,,3912398590,Ambient,Air/Sea/Road,60,F3F1693F-0BDF-4568-A359-F57C7F435860
ALF-045492.FF,"Nitinol foil, 0.05mm (0.002in) thick, superelastic, flat annealed, pickled surface",THEM,,100g,,3450,4140,4560,5250,,,,,,,,,,7506200000,Ambient,Air/Sea/Road,360,656F139A-E8CF-4D25-A7AD-9E124955F321
ALF-045492.FI,"Nitinol foil, 0.05mm (0.002in) thick, superelastic, flat annealed, pickled surface",THEM,,500g,,14440,17330,19070,21940,,,,,,,,,,7506200000,Ambient,Air/Sea/Road,360,0A4B40C4-DE73-4724-ADEB-809EE1CE6263
ALF-045492.GH,"Nitinol foil, 0.05mm (0.002in) thick, superelastic, flat annealed, pickled surface",THEM,,25g,,1350,1620,1790,2060,,,,,,,,,,7506200000,Ambient,Air/Sea/Road,360,0D2761E9-E758-44BF-8917-5AA9A5E82958
ALF-045494.06,Silver(I) behenate,THEM,,100g,,3330,4000,4400,5060,,,,,dec.,,,,,2843290000,Ambient,Air/Sea/Road,60,4BEA849D-7852-408E-B69D-EB1A14735643
ALF-045494.14,Silver(I) behenate,THEM,,500g,,15800,18960,20860,23990,,,,,dec.,,,,,2843290000,Ambient,Air/Sea/Road,60,5843910C-2322-41DD-8B90-BF3CEBFF4A22
ALF-045495.06,"Silver(I) chromate, 99.9% (metals basis)",THEM,,25g,,1350,1620,1790,2060,,,5.63,,,,1479,5.1,III,2843290000,Ambient,Air/Sea/Road,60,EE6976C9-3FD2-44A3-ACDF-838FC4C8A277
ALF-045495.22,"Silver(I) chromate, 99.9% (metals basis)",THEM,,100g,,3680,4420,4870,5610,,,5.63,,,,1479,5.1,III,2843290000,Ambient,Air/Sea/Road,60,B517D69B-1B5A-4450-8E31-E3FE035EE2CC
ALF-045496.06,Silver(I) citrate hydrate,THEM,,500g,,16450,19740,21720,24980,,,,,170? dec.,,,,,2843290000,Ambient,Air/Sea/Road,36,7A8C8BA9-EF12-488E-B17D-61239FB1F696
ALF-045496.14,Silver(I) citrate hydrate,THEM,,25g,,1250,1500,1650,1900,,,,,170? dec.,,,,,2843290000,Ambient,Air/Sea/Road,36,9299EDB3-33B6-40FC-B1BB-521CEEAB2ECC
ALF-045496.22,Silver(I) citrate hydrate,THEM,,100g,,3420,4110,4530,5210,,,,,170? dec.,,,,,2843290000,Ambient,Air/Sea/Road,36,EF43B5F5-AC3A-41C7-9873-B95DD5C384F6
ALF-045498.06,"Nickel sulfide, 99% (metals basis)",THEM,,500g,,14970,17970,19770,22740,,,,,,,3077,9,III,2830908500,Ambient,Air/Sea/Road,60,EC680ABE-7FBB-4BAD-BED1-5194B13DB8BA
ALF-045499.06,"Palladium, 5% on activated carbon paste, A405032-5",THEM,,25g,,1470,1770,1950,2250,,,,,,,,,,3815120090,Ambient,Air/Sea/Road,60,036B8B3B-DAE5-4841-A3DF-9825B04179EA
ALF-045499.14,"Palladium, 5% on activated carbon paste, A405032-5",THEM,,100g,,3950,4740,5220,6010,,,,,,,,,,3815120090,Ambient,Air/Sea/Road,60,14198FF0-73BD-4E03-9D37-BF492B0E0066
ALF-045499.22,"Palladium, 5% on activated carbon paste, A405032-5",THEM,,500g,,17060,20480,22530,25910,,,,,,,,,,3815120090,Ambient,Air/Sea/Road,60,D91D8F99-BC6E-491B-8C95-77251B481A1F
ALF-045500.06,Bismuth 2-ethylhexanoate                                    acid,THEM,,25g,,1340,1610,1780,2050,,,,,,,,,,3824999699,Ambient,Air/Sea/Road,60,D9D25CED-747E-4232-A263-4A40BE820DFC
ALF-045500.14,Bismuth 2-ethylhexanoate                                    acid,THEM,,100g,,3620,4350,4790,5510,,,,,,,,,,3824999699,Ambient,Air/Sea/Road,60,2ED42625-CB63-443D-84F2-394477B5BC64
ALF-045500.22,Bismuth 2-ethylhexanoate                                    acid,THEM,,500g,,15460,18560,20420,23490,,,,,,,,,,3824999699,Ambient,Air/Sea/Road,60,BA1694BD-9A28-4F8E-864F-9228E9F69E5F
ALF-045504.06,"Copper nanopowder, APS 20-50nm, 99.9% (metals basis)",THEM,,25g,,1330,1600,1760,2030,,,,,,,3089,4.1,III,7406100000,Ambient,Air/Sea/Road,60,C8BDC7A7-BF45-4E55-94BC-F309D573E7E8
ALF-045504.14,"Copper nanopowder, APS 20-50nm, 99.9% (metals basis)",THEM,,100g,,3610,4340,4780,5500,,,,,,,3089,4.1,III,7406100000,Ambient,Air/Sea/Road,60,CF7584A5-55AE-4B72-99CE-DDCF54038739
ALF-045505.06,"Nickel nanopowder, APS 5-20nm, 99.9% (metals basis)",THEM,,500g,,13980,16780,18460,21230,,,,,,,3089,4.1,III,7504000000,Ambient,Air/Sea/Road,60,D41E1745-85EF-4D0F-8D5C-4C7B1677E218
ALF-045505.14,"Nickel nanopowder, APS 5-20nm, 99.9% (metals basis)",THEM,,25g,,1350,1620,1790,2060,,,,,,,3089,4.1,III,7504000000,Ambient,Air/Sea/Road,60,0B305DC1-9105-4199-9FEE-131711C474DE
ALF-045507.06,"Iron nanopowder, APS 10-30nm",THEM,,100g,,3680,4420,4870,5610,,,,,,,3089,4.1,III,7205290000,Ambient,Air/Sea/Road,60,1571F3F8-5264-4873-B358-F19E78583CA7
ALF-045507.14,"Iron nanopowder, APS 10-30nm",THEM,,500g,,15880,19060,20970,24120,,,,,,,3089,4.1,III,7205290000,Ambient,Air/Sea/Road,60,B151DA11-B457-498B-90F8-32D552DB5F03
ALF-045508.06,"Manganese nanopowder, APS 30-50nm",THEM,,25g,,1350,1620,1790,2060,,,,,,,3089,4.1,III,8111001199,Ambient,Air/Sea/Road,60,358F5924-7935-49F0-8D0A-700C5E8CC9C5
ALF-045508.14,"Manganese nanopowder, APS 30-50nm",THEM,,100g,,3650,4380,4820,5550,,,,,,,3089,4.1,III,8111001199,Ambient,Air/Sea/Road,60,6889A0D5-2889-4033-B130-1C0C47075C91
ALF-045509.06,"Silver nanopowder, APS 20-40nm, 99.9% (metals basis)",THEM,,500g,,15800,18960,20860,23990,,,,,,,3077,9,III,7106100000,Ambient,Air/Sea/Road,60,FC6E09CD-C519-4177-B967-000744F79DD0
ALF-045509.14,"Silver nanopowder, APS 20-40nm, 99.9% (metals basis)",THEM,,25g,,1350,1620,1790,2060,,,,,,,3077,9,III,7106100000,Ambient,Air/Sea/Road,60,A49A8F3F-EFA8-4DCE-89CA-32C4729930DE
ALF-045511.03,"Dichlorobis[di-tert-butyl(4-dimethylaminophenyl)phosphine]palladium(II), Pd 15%",THEM,,100g,,3680,4420,4870,5610,,,,,,,,,,2843909000,Ambient,Air/Sea/Road,60,804DD082-6DE9-487B-8BA7-2C7D0E78D715
ALF-045512.NB,"Palladium(II) nitrate, solution, Pd 4-5% w/w (cont. Pd)",THEM,,500g,,15650,18780,20660,23760,,,,,,,3264,8,III,2843909000,Ambient,Air/Sea/Road,60,2D7682AE-9206-4857-B914-96758D5FC92F
ALF-045512.ND,"Palladium(II) nitrate, solution, Pd 4-5% w/w (cont. Pd)",THEM,,25g,,1440,1730,1910,2200,,,,,,,3264,8,III,2843909000,Ambient,Air/Sea/Road,60,3CDA2399-BF8E-4CB1-8966-5DCC0E5AAC96
ALF-045514.FF,"Nitinol foil, 0.127mm (0.005in) thick, shape memory, flat annealed, pickled surface",THEM,,100g,,3560,4280,4710,5420,,,,,,,,,,7506200000,Ambient,Air/Sea/Road,360,86ED76F6-6C8B-4C76-B95A-482D254349E0
ALF-045514.FI,"Nitinol foil, 0.127mm (0.005in) thick, shape memory, flat annealed, pickled surface",THEM,,500g,,15880,19060,20970,24120,,,,,,,,,,7506200000,Ambient,Air/Sea/Road,360,DAD4CEF9-571B-4270-8D44-CC0A37424644
ALF-045514.GH,"Nitinol foil, 0.127mm (0.005in) thick, shape memory, flat annealed, pickled surface",THEM,,25g,,1440,1730,1910,2200,,,,,,,,,,7506200000,Ambient,Air/Sea/Road,360,8BF118C8-A3A9-4C0A-9382-BC1D9E63E0A3
ALF-045517.06,"Magnesium germanide, 99.99% (metals basis)",THEM,,100g,,3560,4280,4710,5420,,,,,,,,,,2842908080,Ambient,Air/Sea/Road,60,C878100A-EE71-45AF-999D-C8EB07C6F7B9
ALF-045517.14,"Magnesium germanide, 99.99% (metals basis)",THEM,,500g,,15120,18150,19970,22970,,,,,,,,,,2842908080,Ambient,Air/Sea/Road,60,AD8C6E0F-1542-4A44-8745-DB65D4BCFD0E
ALF-045518.09,"Magnesium silicide, 99.99% (metals basis)",THEM,,25g,,1280,1540,1700,1960,,,2,,1102?,,2624,4.3,II,2850006090,Ambient,Air/Sea/Road,60,31414600-A081-40BE-9300-8C897757145B
ALF-045518.18,"Magnesium silicide, 99.99% (metals basis)",THEM,,100g,,3680,4420,4870,5610,,,2,,1102?,,2624,4.3,II,2850006090,Ambient,Air/Sea/Road,60,5EB6C20F-E18B-4A80-BE27-901C58B9004C
ALF-045518.30,"Magnesium silicide, 99.99% (metals basis)",THEM,,500g,,16980,20380,22420,25790,,,2,,1102?,,2624,4.3,II,2850006090,Ambient,Air/Sea/Road,60,0E632C6D-7970-4B00-BC1E-494A6A8835DD
ALF-045520.22,"Methyl 4-aminosalicylate, 97%",THEM,,250g,,2050,2460,2710,3120,,,,,,,,,,2922500090,Ambient,Air/Sea/Road,120,A972B141-5E18-48F0-9D7A-AA58E9724AD6
ALF-045522.06,"Arsenic(III) sulfide, 99.999% (metals basis)",THEM,,1kg,,6120,7350,8090,9310,,,3.43,,300?,707?,1557,6.1,III,2813909000,Ambient,Air/Sea/Road,60,A06584A9-BBB3-4BF5-9DB4-98FD6EDCBA33
ALF-045522.14,"Arsenic(III) sulfide, 99.999% (metals basis)",THEM,,100g,,1220,1470,1620,1870,,,3.43,,300?,707?,1557,6.1,III,2813909000,Ambient,Air/Sea/Road,60,A41707BC-3E4A-46C5-9CC4-A34299EF8277
ALF-045523.03,"Bis(1,5-cyclooctadiene)rhodium(I) hexafluoroantimonate",THEM,,500g,,3200,3840,4230,4870,,,,,,,3077,9,III,2843909000,Ambient,Air/Sea/Road,120,F485BE16-69CF-4B9E-BBD1-69D4D741F201
ALF-045523.MD,"Bis(1,5-cyclooctadiene)rhodium(I) hexafluoroantimonate",THEM,,100g,,3420,4110,4530,5210,,,,,,,3077,9,III,2843909000,Ambient,Air/Sea/Road,120,4059FA2A-DF94-4ED9-A4C5-EA3684B482AC
ALF-045524.KT,"Rhenium slug, 12.7mm (0.5in) dia, 99.99% (metals basis)",THEM,,500g,,10300,12360,13600,15640,,,,,,,,,,8112923100,Ambient,Air/Sea/Road,360,94948EDC-1AFE-479B-AE15-13D9A5FD806D
ALF-045525.06,"Indium(III) fluoride, anhydrous, 99.95% (metals basis)",THEM,,2.5kg,,37140,44570,49030,56390,,,4.39,,ca 1170?,>1200?,3260,8,III,2826199090,Ambient,Air/Sea/Road,60,506DDEC7-84C3-482F-B931-BC2B747F1ABC
ALF-045525.14,"Indium(III) fluoride, anhydrous, 99.95% (metals basis)",THEM,,25g,,3300,3960,4360,5020,,,4.39,,ca 1170?,>1200?,3260,8,III,2826199090,Ambient,Air/Sea/Road,60,21705E63-BB27-47AA-B23D-4572B945C142
ALF-045526.22,"Devarda's Alloy, granular",THEM,,100g,,10560,12680,13950,16050,,,4.355,,,,3089,4.1,III,7403290000,Ambient,Air/Sea/Road,120,29E1B257-2D9A-46E7-86E5-26D859FB7FF5
ALF-045526.36,"Devarda's Alloy, granular",THEM,,1each,,31560,37880,41670,47930,,,4.355,,,,3089,4.1,III,7403290000,Ambient,Air/Sea/Road,120,D185AC23-C9D6-43AB-8AA4-C466FA2D7631
ALF-045527.30,"Carbon black, acetylene, 100% compressed",THEM,,250g,,2220,2670,2940,3390,,,,,,,,,,2803000000,Ambient,Air/Sea/Road,60,3DC0BCCE-EB2A-4713-9A62-7FCB75CBCD75
ALF-045527.95,"Carbon black, acetylene, 100% compressed",THEM,,1kg,,7180,8620,9490,10920,,,,,,,,,,2803000000,Ambient,Air/Sea/Road,60,C7EFA425-261A-498E-82BD-BE913853AA29
ALF-045529.KG,"Gadolinium ingot, 99.9% (REM)",THEM,,250g                     ,,1980,2380,2620,3020,,,,,,,,,,2805303015,Ambient,Air/Sea/Road,60,046DE722-5523-4E27-BAC5-9BD8C6C9B1F9
ALF-045531.03,"2,3,4,6-Tetra-O-benzyl-D-galactopyranose, 98%",THEM,,100mg,,5440,6530,7190,8270,,,,,,,,,,2940000080,Freezer -20?C,Air/Sea/Road,36,12540FC8-02DA-4E5D-9A32-D8DB42499B0C
ALF-045531.06,"2,3,4,6-Tetra-O-benzyl-D-galactopyranose, 98%",THEM,,500mg,,23320,27990,30790,35410,,,,,,,,,,2940000080,Freezer -20?C,Air/Sea/Road,36,EB00E82A-52EE-4EAA-94C3-508E7F0ABFC0
ALF-045538.04,"Rhenium(VII) oxide, 99.995% (metals basis)",THEM,,25g,,30270,36330,39970,45970,,,6.103,,297?,360?,,,,2825908590,Ambient,Air/Sea/Road,60,930B35D3-ED80-443F-93DF-791004B958F7
ALF-045538.09,"Rhenium(VII) oxide, 99.995% (metals basis)",THEM,,5g,,9080,10900,11990,13790,,,6.103,,297?,360?,,,,2825908590,Ambient,Air/Sea/Road,60,E4F6E48A-4BB6-423D-85EF-D9FB53AD180C
ALF-045541.KF,"Boron Nitride Bar;Length (mm), 300;Width (mm), 6.4;Height (mm), 6.4",THEM,,25g,,36950,44340,48780,56100,,,,,,,,,,2850002090,Ambient,Air/Sea/Road,120,BBB3101A-26A2-4287-AFB2-C5E8C3488889
ALF-045542.36,"Sulfuric acid, 15% fuming, 12-17% free SO3",THEM,,25g,,59550,71460,78610,90410,,,1.9,,,,1831,8,I,,Ambient,Air/Sea/Road,60,42591A43-4B2E-467E-A7E9-B24CAAFB7B25
ALF-045543.22,"Sulfuric acid, 20% fuming, 18-24% free SO3",THEM,,1each,,17970,21570,23730,27290,,,1.9,,,,1831,8,I,2807000000,Ambient,Sea/Road,60,D35490D8-E7C7-4DDD-9FB7-D26D34A40B3D
ALF-045543.36,"Sulfuric acid, 20% fuming, 18-24% free SO3",THEM,,1g,,34070,40890,44980,51730,,,1.9,,,,1831,8,I,2807000000,Ambient,Sea/Road,60,83B388FE-D54B-480D-A5E8-0E14B1614EA2
ALF-045543.57,"Sulfuric acid, 20% fuming, 18-24% free SO3",THEM,,250mg,,10750,12900,14190,16320,,,1.9,,,,1831,8,I,2807000000,Ambient,Sea/Road,60,33CAF4AE-CA79-4C1B-B65D-67FEE2112D81
ALF-045544.22,"Copper powder, spherical, -170+270 mesh, 99.9% (metals basis)",THEM,,25g,,26360,31640,34810,40040,,,,,,,3089,4.1,III,7406100000,Ambient,Air/Sea/Road,60,613B5B0C-950D-46C2-96E2-3FA7128CB53B
ALF-045544.36,"Copper powder, spherical, -170+270 mesh, 99.9% (metals basis)",THEM,,5g,,6540,7850,8640,9940,,,,,,,3089,4.1,III,7406100000,Ambient,Air/Sea/Road,60,85485CAB-251D-4D4B-B972-85095BE2943E
ALF-045544.A3,"Copper powder, spherical, -170+270 mesh, 99.9% (metals basis)",THEM,,25g,,26470,31770,34950,40200,,,,,,,3089,4.1,III,7406100000,Ambient,Air/Sea/Road,60,608BD3BC-DE78-4FD9-9C96-2A5A80E1D1BA
ALF-045546.14,"Aluminum powder, spherical, APS 60-80nm",THEM,,5g,,15880,19060,20970,24120,,,,,,,1396,4.3,III,7603100000,Ambient,Air/Sea/Road,60,696BDEF2-4498-47A4-9EE3-2B1E1D69578D
ALF-045546.22,"Aluminum powder, spherical, APS 60-80nm",THEM,,25g,,77700,93240,102570,117960,,,,,,,1396,4.3,III,7603100000,Ambient,Air/Sea/Road,60,D6A9B05D-3673-49E1-9640-BABD2E95459C
ALF-045548.88,"Potassium tetrabromoplatinate(II), 99.9% (metals basis)",THEM,,5g,,6650,7980,8780,10100,,,,,>300?,,,,,2843909000,Ambient,Air/Sea/Road,120,E2871478-21F3-4591-8BEE-381AEBC67443
ALF-045548.ME,"Potassium tetrabromoplatinate(II), 99.9% (metals basis)",THEM,,25g,,31180,37420,41170,47350,,,,,>300?,,,,,2843909000,Ambient,Air/Sea/Road,120,BACD5BBB-9349-494B-BC61-83AAF4A770E1
ALF-045551.AE,"ICP-MS QC Standard solution 20, Specpure|r",THEM,,2g,,6120,7350,8090,9310,,,,,,,3264,8,III,3822000000,Ambient,Air/Sea/Road,12,B21E0CED-A897-491E-9837-2CA7910826F2
ALF-045552.06,Barium dodecairon nonadecaoxide,THEM,,10g,,20970,25170,27690,31850,,,,,>1315?,,1564,6.1,III,2842908080,Ambient,Air/Sea/Road,120,573E466F-F09F-4FBA-B78A-8288439CF4E1
ALF-045552.14,Barium dodecairon nonadecaoxide,THEM,,50g,,72160,86600,95260,109550,,,,,>1315?,,1564,6.1,III,2842908080,Ambient,Air/Sea/Road,120,BD8665EA-66CE-4BCE-A22C-6548C6239BB9
ALF-045552.22,Barium dodecairon nonadecaoxide,THEM,,5g,,3520,4230,4660,5360,,,,,>1315?,,1564,6.1,III,2842908080,Ambient,Air/Sea/Road,120,5BB8DE7D-6C78-4F60-B929-04B5D867033B
ALF-045555.KG,"Quartz lid for 30ml quartz crucible, fused; ID 48mm",THEM,,25g,,17630,21160,23280,26780,,,,,,,,,,7017100000,Ambient,Air/Sea/Road,360,CC3D05D7-42A1-46F4-9CDE-46677372551C
ALF-045556.30,"Trisodium citrate, anhydrous, 99%",THEM,,10g,,7110,8540,9400,10810,,,,,300?,,,,,2918150090,Ambient,Air/Sea/Road,42,6086A6C7-B70B-4FF8-B535-DC98A3F18B19
ALF-045556.A1,"Trisodium citrate, anhydrous, 99%",THEM,,50g,,32280,38740,42620,49020,,,,,300?,,,,,2918150090,Ambient,Air/Sea/Road,42,EC544A13-8E9E-439E-8E46-0770F107AC52
ALF-045556.A7,"Trisodium citrate, anhydrous, 99%",THEM,,100g,,3100,3720,4100,4720,,,,,300?,,,,,2918150090,Ambient,Air/Sea/Road,42,8F94AA8C-65EB-4642-A5F6-19E7EF59692D
ALF-045557.18,"Mercaptoacetic acid calcium salt trihydrate, 98%",THEM,,500g,,8470,10170,11190,12870,,,,,280-290? dec.,,,,,2930909899,Ambient,Air/Sea/Road,24,9FED7E52-73B0-44A3-8856-831945B7560B
ALF-045558.06,"Palladium, 10% on activated carbon paste, 10R394",THEM,,5g,,7030,8440,9290,10690,,,,,,,,,,3815120090,Ambient,Air/Sea/Road,60,E409286A-F9E5-4F8B-97E1-C1D8DF7CBF2F
ALF-045558.14,"Palladium, 10% on activated carbon paste, 10R394",THEM,,25g,,35170,42210,46440,53410,,,,,,,,,,3815120090,Ambient,Air/Sea/Road,60,092777A2-3D2D-4502-91EE-9FB38F0CBECD
ALF-045560.KS,"Sapphire Optical Window, 25.4mm (1.0in) dia x 1mm (0.04in) thick",THEM,,1each,,#VALUE!,#VALUE!,#VALUE!,#VALUE!,,,,,,,,,,9027900000,Ambient,Air/Sea/Road,360,FBAD82D2-BE46-4486-9C61-FFD5C16FE183
ALF-045562.22,"Zirconium(IV) oxide, yttria stabilized, 99.95% (metals basis excluding Hf)",THEM,,1each,,57270,68730,75610,86960,,,,,ca 2700?,ca 5000?,,,,2825600000,Ambient,Air/Sea/Road,60,3F2F69B9-8F92-4F2C-BFD2-DA2830F1B458
ALF-045562.36,"Zirconium(IV) oxide, yttria stabilized, 99.95% (metals basis excluding Hf)",THEM,,1each,,59170,71010,78120,89840,,,,,ca 2700?,ca 5000?,,,,2825600000,Ambient,Air/Sea/Road,60,4C6FA10F-B414-4149-BAD3-BD1047C12EC5
ALF-045563.04,"Indium(III) sulfide, 99.999% (metals basis)",THEM,,*5x90cm                  ,,4410,5300,5830,6710,,,,,1050?,,,,,2830908500,Ambient,Air/Sea/Road,60,49B80872-6CC0-417C-BE53-1D7DA260E34C
ALF-045563.09,"Indium(III) sulfide, 99.999% (metals basis)",THEM,,25x25mm,,2500,3000,3300,3800,,,,,1050?,,,,,2830908500,Ambient,Air/Sea/Road,60,356BC785-B878-4719-B5C7-4391393A8A33
ALF-045563.18,"Indium(III) sulfide, 99.999% (metals basis)",THEM,,50x50mm,,6010,7220,7950,9150,,,,,1050?,,,,,2830908500,Ambient,Air/Sea/Road,60,C587552A-DC6F-411A-9365-38B43BA6E350
ALF-045565.04,Dichloro(pentamethylcyclopentadienyl)iridium(III) dimer,THEM,,100x100mm,,22750,27300,30030,34540,,,,,,,,,,2843909000,Ambient,Air/Sea/Road,36,4CA5F981-43CC-4295-83A3-B7762B66C9BC
ALF-045565.ME,Dichloro(pentamethylcyclopentadienyl)iridium(III) dimer,THEM,,1each,,4940,5930,6530,7510,,,,,,,,,,2843909000,Ambient,Air/Sea/Road,36,A90081CF-DDBF-48C5-9C46-68F2E690CB3D
ALF-045566.14,"Neodymium(III) oxide, REacton|r, 99.999% (REO)",THEM,,250g,,2980,3580,3940,4540,,,7.24,,2272?,,,,,2846901040,Ambient,Air/Sea/Road,60,C32378F7-76AB-48BD-838E-EA03053C1CB6
ALF-045566.22,"Neodymium(III) oxide, REacton|r, 99.999% (REO)",THEM,,1kg,,10640,12770,14050,16160,,,7.24,,2272?,,,,,2846901040,Ambient,Air/Sea/Road,60,FCF663A9-CA06-4757-A078-D221CC5B70C0
ALF-045567.BU,"Gold wire, 0.25mm (0.01in) dia, annealed, Premion|r, 99.999% (metals basis)",THEM,,5pc                      ,,2630,3160,3480,4010,,,,,,,,,,7108131000,Ambient,Air/Sea/Road,360,2279E55B-FC89-4886-81B0-81CC175E723D
ALF-045567.BY,"Gold wire, 0.25mm (0.01in) dia, annealed, Premion|r, 99.999% (metals basis)",THEM,,100g,,2100,2520,2780,3200,,,,,,,,,,7108131000,Ambient,Air/Sea/Road,360,A47F80AA-6BF8-475D-A824-0FDC921CDD6A
ALF-045567.CC,"Gold wire, 0.25mm (0.01in) dia, annealed, Premion|r, 99.999% (metals basis)",THEM,,500g,,5550,6660,7330,8430,,,,,,,,,,7108131000,Ambient,Air/Sea/Road,360,1C172D90-EB74-4096-88FC-22E09E18158F
ALF-045569.04,"Gibberellic acid, 98%",THEM,,250g,,3010,3620,3990,4590,,,,,222? dec.,,,,,2932209080,Ambient,Air/Sea/Road,60,C0C278C7-BE50-41D9-A1B2-EB7E051D9961
ALF-045569.09,"Gibberellic acid, 98%",THEM,,1kg,,10260,12320,13560,15600,,,,,222? dec.,,,,,2932209080,Ambient,Air/Sea/Road,60,5FA4E301-38D3-4B8B-83E5-5EE870F07981
ALF-045569.ME,"Gibberellic acid, 98%",THEM,,1g,,21880,26260,28890,33230,,,,,222? dec.,,,,,2932209080,Ambient,Air/Sea/Road,60,958E4EBE-BD7E-4EA4-869E-D7B0438C6D60
ALF-045571.BW,"Platinum 30 wt% Rhodium wire, 0.33mm (0.013in) dia, ISA Type B Standard Grade Thermocouple",THEM,,250mg,,6880,8260,9090,10460,,,,,,,,,,7110191000,Ambient,Air/Sea/Road,360,8406306E-DDD0-4EF4-97AA-03FDE88CE455
ALF-045571.G2,"Platinum 30 wt% Rhodium wire, 0.33mm (0.013in) dia, ISA Type B Standard Grade Thermocouple",THEM,,100g,,1780,2140,2360,2720,,,,,,,,,,7110191000,Ambient,Air/Sea/Road,360,A0A83196-F0F4-49C5-80EB-BC4D8B0D3B2B
ALF-045572.03,"Gallium(III) selenide, 99.99% (metals basis)",THEM,,500g,,6350,7620,8390,9650,,,,,,,3283,6.1,III,2842901000,Ambient,Air/Sea/Road,120,4E86AA62-EDCF-477C-9AA1-200B6E393FD1
ALF-045572.06,"Gallium(III) selenide, 99.99% (metals basis)",THEM,,250g,,3420,4110,4530,5210,,,,,,,3283,6.1,III,2842901000,Ambient,Air/Sea/Road,120,774D6A15-035E-46BC-A188-E57FB54763F1
ALF-045573.KG,"Boron nitride, low binder, 99.5% (metals basis)",THEM,,1kg,,10330,12400,13640,15690,,,,,,,,,,2850002090,Ambient,Air/Sea/Road,60,1FD71D96-F740-4C8B-BF54-3F3AF063E054
ALF-045575.KG,"Boron nitride, low binder, 99.5% (metals basis)",THEM,,100g                     ,,1300,1560,1720,1980,,,,,,,,,,2850002090,Ambient,Air/Sea/Road,60,8B598EBA-73C7-48B8-954C-F829EFA8B423
ALF-045576.04,"Palladium hydroxide, Pd 5% on carbon powder, Type A403002-5, nominally 50% water",THEM,,250g,,3190,3830,4220,4860,,,,,,,,,,3815120090,Ambient,Air/Sea/Road,36,AB815924-193B-4A21-AF37-7E1D944A1D6B
ALF-045576.09,"Palladium hydroxide, Pd 5% on carbon powder, Type A403002-5, nominally 50% water",THEM,,1kg,,11930,14320,15760,18130,,,,,,,,,,3815120090,Ambient,Air/Sea/Road,36,631BBC3E-2266-40DA-8A69-CF70CD162D24
ALF-045577.09,"Strontium perchlorate trihydrate, 98%",THEM,,500ml,,1760,2120,2340,2700,,,,,,,1508,5.1,II,2829901000,Ambient,Air/Sea/Road,60,3428D10C-EB81-4B24-A4FD-E831D82D4445
ALF-045577.22,"Strontium perchlorate trihydrate, 98%",THEM,,1L,,2590,3110,3430,3950,,,,,,,1508,5.1,II,2829901000,Ambient,Air/Sea/Road,60,C68D9084-5331-4F2E-AA32-FE3298B2A8C2
ALF-045577.36,"Strontium perchlorate trihydrate, 98%",THEM,,4L,,7300,8760,9640,11090,,,,,,,1508,5.1,II,2829901000,Ambient,Air/Sea/Road,60,84DFF817-BF06-42C1-B5E7-64A32C7CD8AD
ALF-045579.22,"Cobalt oxide, typically 3.4-4.5%, Molybdenum oxide typically 11.5-14.5% on alumina",THEM,,250g,,1300,1560,1720,1980,,,,,,,3077,9,III,3815199090,Ambient,Air/Sea/Road,120,1401D762-83CA-4FDD-8CC7-9B132586FCF7
ALF-045579.36,"Cobalt oxide, typically 3.4-4.5%, Molybdenum oxide typically 11.5-14.5% on alumina",THEM,,1kg,,3320,3990,4390,5050,,,,,,,3077,9,III,3815199090,Ambient,Air/Sea/Road,120,C6D734BE-22D0-4E96-B9C5-5048CA80F93D
ALF-045579.A4,"Cobalt oxide, typically 3.4-4.5%, Molybdenum oxide typically 11.5-14.5% on alumina",THEM,,100g,,2030,2440,2690,3100,,,,,,,3077,9,III,3815199090,Ambient,Air/Sea/Road,120,625B49DC-71D4-4F2E-8F1B-E04BE9F1E5C5
ALF-045581.AE,"Soldering flux, liquid",THEM,,500g,,5890,7070,7780,8950,,,1.26,,,,1840,8,III,3810909000,Ambient,Air/Sea/Road,360,7374732C-023D-4161-88FD-5B225326ABF2
ALF-045581.AP,"Soldering flux, liquid",THEM,,100g,,2170,2610,2880,3320,,,1.26,,,,1840,8,III,3810909000,Ambient,Air/Sea/Road,360,E54DF474-46DD-4949-A2E7-41FEC5474A32
ALF-045582.14,"Bismuth(III) oxide, NanoArc^t, 99.5+%",THEM,,500g,,5090,6110,6730,7740,,,8.9,,817?,ca 1890?,,,,2825908590,Ambient,Air/Sea/Road,60,F596F378-C255-4F01-B3A2-20086701FAA4
ALF-045582.22,"Bismuth(III) oxide, NanoArc^t, 99.5+%",THEM,,2kg,,17400,20880,22970,26420,,,8.9,,817?,ca 1890?,,,,2825908590,Ambient,Air/Sea/Road,60,7C6135CF-FB7C-4471-8CFC-B40DA9D34E97
ALF-045582.36,"Bismuth(III) oxide, NanoArc^t, 99.5+%",THEM,,250g,,2570,3090,3400,3910,,,8.9,,817?,ca 1890?,,,,2825908590,Ambient,Air/Sea/Road,60,86ED4286-8BC2-453F-B93B-B50297B60904
ALF-045584.FF,"Titanium foil, 0.127mm (0.005in) thick, annealed, 99.99+% (metals basis)",THEM,,100g       ,,1410,1700,1870,2160,,,,,,,,,,8108905090,Ambient,Air/Sea/Road,360,27CA9263-986D-4F7F-8186-31C5FE316591
ALF-045584.FI,"Titanium foil, 0.127mm (0.005in) thick, annealed, 99.99+% (metals basis)",THEM,,100g                     ,,1410,1700,1870,2160,,,,,,,,,,8108905090,Ambient,Air/Sea/Road,360,6A323777-CD49-472C-95B2-EC1B94480E17
ALF-045584.GH,"Titanium foil, 0.127mm (0.005in) thick, annealed, 99.99+% (metals basis)",THEM,,100g,,1300,1560,1720,1980,,,,,,,,,,8108905090,Ambient,Air/Sea/Road,360,4918080E-EC9A-46C6-A19F-9AB2B002E7EF
ALF-045589.36,"Misch Metal, 99.0% min. rare earth content",THEM,,500ml,,2780,3340,3680,4240,,,,,,,1323,4.1,II,2805308000,Ambient,Air/Sea/Road,360,41DAE941-815A-48FD-A4ED-6C28D162BE86
ALF-045589.A3,"Misch Metal, 99.0% min. rare earth content",THEM,,25g,,1960,2360,2600,2990,,,,,,,1323,4.1,II,2805308000,Ambient,Air/Sea/Road,360,BEDCAEE9-2602-4215-AC35-839BFE51F86C
ALF-045590.AE,"Sodium ethoxide, 21% w/w soln. in ethanol, packaged under Argon in resealable ChemSeal^t bottles",THEM,,250g,,2390,2870,3160,3640,,,0.868,20?(68?F),,,2924,3,III,3824999699,Ambient,Air/Sea/Road,12,F519600C-FA21-4547-9BD5-93389A6558A3
ALF-045590.AP,"Sodium ethoxide, 21% w/w soln. in ethanol, packaged under Argon in resealable ChemSeal^t bottles",THEM,,1kg,,3750,4500,4950,5700,,,0.868,20?(68?F),,,2924,3,III,3824999699,Ambient,Air/Sea/Road,12,511DAC4C-03D2-410D-9F38-FBBD2C6D19DA
ALF-045591.36,"Amberlite|r IRN-78, ion exchange resin, nuclear grade",THEM,,5g,,4830,5800,6380,7340,,,,,,,,,,3914000000,Ambient,Air/Sea/Road,60,6EB8553B-7EB6-4A37-A667-F4795A554261
ALF-045591.A3,"Amberlite|r IRN-78, ion exchange resin, nuclear grade",THEM,,25g,,16750,20100,22110,25430,,,,,,,,,,3914000000,Ambient,Air/Sea/Road,60,240640A6-C3D1-4454-BFD6-9B888CCBDBD0
ALF-045594.14,"Polyethyleneimine, branched, M.W. 1,200, 99%",THEM,,100g,,47210,56660,62330,71680,,,,,,,3082,9,III,3911901990,Ambient,Air/Sea/Road,60,2F840A14-816A-419F-9234-0704A1AC2BF3
ALF-045594.22,"Polyethyleneimine, branched, M.W. 1,200, 99%",THEM,,500ml,,1350,1620,1790,2060,,,,,,,3082,9,III,3911901990,Ambient,Air/Sea/Road,60,EF2E5396-7FEE-4DC4-B338-A7BC70FAB0AE
ALF-045594.36,"Polyethyleneimine, branched, M.W. 1,200, 99%",THEM,,1L,,2150,2580,2840,3270,,,,,,,3082,9,III,3911901990,Ambient,Air/Sea/Road,60,C4BFD169-45A0-4736-92A4-E4D26E462AC7
ALF-045596.K2,"Sulfuric acid, 72% w/w aq. soln.",THEM,,4L,,3300,3960,4360,5020,,,,,,,1830,8,II,2807000000,Ambient,Air/Sea/Road,24,C870C3B7-855A-4534-91E8-78EC119B3EB1
ALF-045596.K7,"Sulfuric acid, 72% w/w aq. soln.",THEM,,2g,,2310,2780,3060,3520,,,,,,,1830,8,II,2807000000,Ambient,Air/Sea/Road,24,030AADBC-64B7-4906-95F5-7A591432817C
ALF-045598.KS,"Boron Nitride Rectangular Plate;Length (mm), 125;Width (mm), 125;Thick (mm), 12.7",THEM,,10g,,8250,9900,10890,12530,,,,,,,,,,2850002090,Ambient,Air/Sea/Road,360,58F76B7F-70D2-4AD0-A2C9-5946090E34F9
ALF-045602.30,"Lead powder, -100 mesh, 99.95% (metals basis)",THEM,,50g,,36570,43890,48280,55530,,,,,,,3077,9,III,7804200000,Ambient,Air/Sea/Road,60,913522F6-4A7A-4084-BCBB-A93D842C4F67
ALF-045602.A1,"Lead powder, -100 mesh, 99.95% (metals basis)",THEM,,250g,,3020,3630,4000,4600,,,,,,,3077,9,III,7804200000,Ambient,Air/Sea/Road,60,E86C1AA4-F7DA-41B4-BECB-D89C4FC90C50
ALF-045603.14,"Titanium(IV) oxide, anatase, nanopowder, 99.7% (metals basis)",THEM,,1kg,,9800,11760,12940,14890,,,,,,,,,,2823000090,Ambient,Air/Sea/Road,60,3E68D6CF-3CF0-4EF1-883F-0077A8DBA187
ALF-045603.22,"Titanium(IV) oxide, anatase, nanopowder, 99.7% (metals basis)",THEM,,5kg,,43330,52000,57200,65780,,,,,,,,,,2823000090,Ambient,Air/Sea/Road,60,2F99C08A-4971-4DBB-BAFF-88271E560843
ALF-045603.36,"Titanium(IV) oxide, anatase, nanopowder, 99.7% (metals basis)",THEM,,1g,,13260,15920,17520,20150,,,,,,,,,,2823000090,Ambient,Air/Sea/Road,60,83EDFA69-01B6-4795-828B-99F4DA77C249
ALF-045605.09,"Copper germanium selenide, 99.99% (metals basis)",THEM,,5g,,53470,64170,70590,81180,,,,,,,3283,6.1,III,2842908080,Ambient,Air/Sea/Road,60,0ED0BA33-0920-46F2-BBE4-E23122157862
ALF-045606.04,"m-Carborane, 98%",THEM,,250mg,,5060,6080,6690,7700,,,,,,,,,,2934999090,Ambient,Air/Sea/Road,120,EE137924-7307-445A-A2B0-9794337244DD
ALF-045606.09,"m-Carborane, 98%",THEM,,25g,,1300,1560,1720,1980,,,,,,,,,,2934999090,Ambient,Air/Sea/Road,120,6FA900D9-18C2-48E6-8EDF-9D356D37C812
ALF-045609.18,"Silicon powder, crystalline, -100+200 mesh, 99.99% (metals basis)",THEM,,100g,,3630,4360,4800,5520,,,,,,,1346,4.1,III,2804610000,Ambient,Air/Sea/Road,60,990F1C0E-E999-433D-A6ED-91A9E9C67CE3
ALF-045609.30,"Silicon powder, crystalline, -100+200 mesh, 99.99% (metals basis)",THEM,,500g,,15610,18740,20620,23720,,,,,,,1346,4.1,III,2804610000,Ambient,Air/Sea/Road,60,FBE3B04F-A344-4099-B28C-E8BC8CD9DE75
ALF-045610.30,"Nickel Iron Molybdenum flake, -200 mesh",THEM,,100ml,,6080,7300,8030,9240,,,,,,,3089,4.1,III,7504000000,Ambient,Air/Sea/Road,360,C19FFEBD-E6A9-418A-AF34-FCBFB6CE3A62
ALF-045610.A1,"Nickel Iron Molybdenum flake, -200 mesh",THEM,,500ml,,25140,30170,33190,38170,,,,,,,3089,4.1,III,7504000000,Ambient,Air/Sea/Road,360,1CEB9A17-50A7-449A-A97F-A6F9F61AFBD6
ALF-045611.06,"Silicon(IV) nitride, amorphous, nanopowder, 98.5+%",THEM,,1g,,2460,2960,3260,3750,,,3.2,,1900? subl.,,,,,2850002090,Ambient,Air/Sea/Road,60,E3CBF492-4E0D-4939-8429-4CE83118CBB0
ALF-045611.14,"Silicon(IV) nitride, amorphous, nanopowder, 98.5+%",THEM,,5g,,5280,6340,6980,8030,,,3.2,,1900? subl.,,,,,2850002090,Ambient,Air/Sea/Road,60,5973A7FF-40F4-4298-9A9E-7A3ECA8626CB
ALF-045611.22,"Silicon(IV) nitride, amorphous, nanopowder, 98.5+%",THEM,,25g,,16750,20100,22110,25430,,,3.2,,1900? subl.,,,,,2850002090,Ambient,Air/Sea/Road,60,A9F297FF-BF25-461A-A3FE-E560117426AB
ALF-045612.14,"Hafnium(IV) chloride, 99.9% (metals basis), Zr<0.5%",THEM,,100g                     ,,39500,47400,52140,59970,,,,,320? subl.,,3260,8,III,2827398590,Ambient,Air/Sea/Road,24,138FC581-5D18-4750-AB62-3C4C2ABD6294
ALF-045612.22,"Hafnium(IV) chloride, 99.9% (metals basis), Zr<0.5%",THEM,,1g,,7370,8850,9740,11210,,,,,320? subl.,,3260,8,III,2827398590,Ambient,Air/Sea/Road,24,6B176623-6A37-41FC-A76D-530D3EC7938E
ALF-045612.36,"Hafnium(IV) chloride, 99.9% (metals basis), Zr<0.5%",THEM,,5g,,32930,39520,43480,50010,,,,,320? subl.,,3260,8,III,2827398590,Ambient,Air/Sea/Road,24,6CF1AF22-387E-4511-AAD6-3D41035A92DA
ALF-045616.06,"Arsenic(III) sulfide, 99.9% (metals basis)",THEM,,500g,,3470,4170,4590,5280,,,3.43,,300?,707?,1557,6.1,III,2813909000,Ambient,Air/Sea/Road,60,785D07B3-FD97-49FA-B5E1-E2A39A347052
ALF-045616.14,"Arsenic(III) sulfide, 99.9% (metals basis)",THEM,,2kg,,10490,12590,13850,15930,,,3.43,,300?,707?,1557,6.1,III,2813909000,Ambient,Air/Sea/Road,60,77A7B28E-5A18-420D-9CC9-46DF38D655B5
ALF-045620.KS,"Ytterbium sputtering target, 50.8mm dia x 1.59mm thick",THEM,,1m,,21950,26340,28980,33330,,,,,,,,,,8543900000,Ambient,Air/Sea/Road,360,38CBEC11-403C-403B-BB77-B35C21B5F5F4
ALF-045634.KS,"Magnesium Oxide Rectangular Tray;Length (mm), 100;Width (mm), 25;Height (mm), 12.7",THEM,,5m,,98660,118400,130240,149780,,,,,,,,,,6903909090,Ambient,Air/Sea/Road,360,D53E46BB-635A-4F0D-9CE4-4E7C0F783E7F
ALF-045641.AE,"ICP-MS Tuning Standard solution for 200.8, Specpure|r",THEM,,500ml,,1790,2150,2370,2730,,,,,,,3264,8,III,3822000000,Ambient,Air/Sea/Road,18,AD44F713-6137-48E2-806E-92233103C93B
ALF-045652.K2,"Hexanes, mixed isomers, HPLC Grade, 99+%",THEM,,1L,,2800,3360,3700,4260,,,0.67,<-23?(-9?F),-95?,65-70?,1208,3,II,2901100000,Ambient,Air/Sea/Road,60,A12626DD-8C39-4885-95F4-F491F1C7D98D
ALF-045652.K7,"Hexanes, mixed isomers, HPLC Grade, 99+%",THEM,,4L,,5970,7170,7890,9080,,,0.67,<-23?(-9?F),-95?,65-70?,1208,3,II,2901100000,Ambient,Air/Sea/Road,60,88FE05DB-725D-4210-9EF5-F7C194C82EE7
ALF-045652.M1,"Hexanes, mixed isomers, HPLC Grade, 99+%",THEM,,5ml                      ,,3000,3600,3960,4560,,,0.67,<-23?(-9?F),-95?,65-70?,1208,3,II,2901100000,Ambient,Air/Sea/Road,60,A5104F4E-AC4A-4AFC-B4DC-9199F35613A6
ALF-045655.KJ,"Nitinol tension coil spring, wire diameter 0.75mm (0.030in), mean coil diameter 5.55mm (0.22in), Alloy M",THEM,,1g,,14590,17510,19270,22170,,,,,,,,,,7505220000,Ambient,Air/Sea/Road,360,9C665C58-2511-4D46-9F3F-78024FE54F59
ALF-045655.KM,"Nitinol tension coil spring, wire diameter 0.75mm (0.030in), mean coil diameter 5.55mm (0.22in), Alloy M",THEM,,1each,,#VALUE!,#VALUE!,#VALUE!,#VALUE!,,,,,,,,,,7505220000,Ambient,Air/Sea/Road,360,FE87291A-09F8-417B-9E09-B56F1B8E9A10
ALF-045655.KN,"Nitinol tension coil spring, wire diameter 0.75mm (0.030in), mean coil diameter 5.55mm (0.22in), Alloy M",THEM,,1each,,#VALUE!,#VALUE!,#VALUE!,#VALUE!,,,,,,,,,,7505220000,Ambient,Air/Sea/Road,360,36412CFD-3FE3-48C9-AC3A-448D6E76725C
ALF-045660.09,"Copper(I) selenide, 99.5% (metals basis)",THEM,,1each,,#VALUE!,#VALUE!,#VALUE!,#VALUE!,,,6.84,,1113?,,3077,9,III,2842901090,Ambient,Air/Sea/Road,120,7269CE43-4AD2-4302-A351-155E1C3005E1
ALF-045660.18,"Copper(I) selenide, 99.5% (metals basis)",THEM,,1each,,#VALUE!,#VALUE!,#VALUE!,#VALUE!,,,6.84,,1113?,,3077,9,III,2842901090,Ambient,Air/Sea/Road,120,74704D97-53D3-4E58-A2A1-3C445ADFD369
ALF-045661.06,Silver Conductive Ink,THEM,,1kg,,6420,7710,8490,9770,,,2.5,,,,3082,9,III,2843290000,Ambient,Air/Sea/Road,120,069727E1-E691-4B95-B4B1-A5C8B44B2D19
ALF-045661.14,Silver Conductive Ink,THEM,,1each,,#VALUE!,#VALUE!,#VALUE!,#VALUE!,,,2.5,,,,3082,9,III,2843290000,Ambient,Air/Sea/Road,120,467BA328-DC3F-4CFF-AFBA-FCD566842BC4
ALF-045661.22,Silver Conductive Ink,THEM,,1each,,#VALUE!,#VALUE!,#VALUE!,#VALUE!,,,2.5,,,,3082,9,III,2843290000,Ambient,Air/Sea/Road,120,08613C4E-CC22-4675-877F-237A6080E14C
ALF-045661.A1,Silver Conductive Ink,THEM,,5g,,6690,8030,8840,10170,,,2.5,,,,3082,9,III,,Ambient,Air/Sea/Road,120,E6910FA3-E4AD-4341-A03E-EED774A194C9
ALF-045663.FF,"Nitinol foil, 0.05mm (0.002in) thick, shape memory, flat annealed, pickled surface",THEM,,25g,,14890,17870,19660,22610,,,,,,,,,,7506200000,Ambient,Air/Sea/Road,360,C6A5FF9B-58DF-45FC-A81C-70279A4074FF
ALF-045663.FI,"Nitinol foil, 0.05mm (0.002in) thick, shape memory, flat annealed, pickled surface",THEM,,1each,,#VALUE!,#VALUE!,#VALUE!,#VALUE!,,,,,,,,,,7506200000,Ambient,Air/Sea/Road,360,05477348-1C47-4E32-9203-678E1DBFA941
ALF-045663.GE,"Nitinol foil, 0.05mm (0.002in) thick, shape memory, flat annealed, pickled surface",THEM,,25g,,3790,4550,5010,5770,,,,,,,,,,7506200000,Ambient,Air/Sea/Road,360,AD6590C9-FE7C-42B5-8B9B-6922F6507A17
ALF-045666.KS,"Zinc selenide Optical Window, 12.7mm (0.5in) dia x 2mm (0.08in) thick",THEM,,100g,,11780,14140,15560,17900,,,,,,,,,,9027900000,Ambient,Air/Sea/Road,360,907A510A-B993-4724-A2A1-1F635AA229C8
ALF-045668.KS,"Boron Nitride Rectangular Plate;Length (mm), 125;Width (mm), 125;Thick (mm), 6.4",THEM,,1each,,#VALUE!,#VALUE!,#VALUE!,#VALUE!,,,,,,,,,,2850002090,Ambient,Air/Sea/Road,360,C39BA38C-320B-45C5-9658-09FE59022F8F
ALF-045680.KS,"Magnesium Oxide Crucible, Cylindrical, Flat Base, OD(mm) 43, Height(mm) 50",THEM,,1each,,#VALUE!,#VALUE!,#VALUE!,#VALUE!,,,,,,,,,,6903909090,Ambient,Air/Sea/Road,360,087703AA-C9C5-4AFB-9588-3CB95ED52E4D
ALF-045733.KS,"Magnesium Oxide Crucible, Cylindrical, Flat Base;OD (mm), 25;Height (mm), 25",THEM,,1each,,#VALUE!,#VALUE!,#VALUE!,#VALUE!,,,,,,,,,,6903909090,Ambient,Air/Sea/Road,360,F1D2A961-316C-4B4A-B83B-0B3D966681E6
ALF-045735.KS,"Dysprosium sputtering target, 50.8mm dia x 3.18mm thick",THEM,,1each,,#VALUE!,#VALUE!,#VALUE!,#VALUE!,,,,,,,,,,8543900000,Ambient,Air/Sea/Road,360,E65AC259-0B10-483B-AF72-904833C50D93
ALF-045737.KS,"Gadolinium sputtering target, 50.8mm dia x 3.18mm thick",THEM,,1each,,#VALUE!,#VALUE!,#VALUE!,#VALUE!,,,,,,,,,,8543900000,Ambient,Air/Sea/Road,360,FB2F0877-38D4-4ACF-8873-606013FA6700
ALF-045749.KS,"Magnesium Oxide Rectangular Tray;Length (mm), 50;Width (mm), 50;Height (mm), 12.7",THEM,,1each,,#VALUE!,#VALUE!,#VALUE!,#VALUE!,,,,,,,,,,6903909090,Ambient,Air/Sea/Road,360,2A44DD57-AB42-4DDA-A06C-11DAF017173D
ALF-045762.KS,"Glass Ceramic Rod;Diameter (mm), 6.4;Length (mm), 300",THEM,,1each                    ,,#VALUE!,#VALUE!,#VALUE!,#VALUE!,,,,,,,,,,6914100000,Ambient,Air/Sea/Road,360,44089EE0-FED6-4202-A074-E676454EF8D6
ALF-045780.06,"Sodium hydroxide, beads/pellets, 99.99% (metals basis)",THEM,,1each,,#VALUE!,#VALUE!,#VALUE!,#VALUE!,,,2.13,,316?,,1823,8,II,2815110000,Ambient,Air/Sea/Road,36,BAE7C46A-6E6D-4DF6-B114-387FD5C2F63C
ALF-045780.14,"Sodium hydroxide, beads/pellets, 99.99% (metals basis)",THEM,,1each,,#VALUE!,#VALUE!,#VALUE!,#VALUE!,,,2.13,,316?,,1823,8,II,2815110000,Ambient,Air/Sea/Road,36,9CE1F461-9B98-4FB2-A21A-783611FA59F5
ALF-045780.22,"Sodium hydroxide, beads/pellets, 99.99% (metals basis)",THEM,,250g,,8400,10080,11090,12760,,,2.13,,316?,,1823,8,II,2815110000,Ambient,Air/Sea/Road,36,ADFB5590-0FC2-495A-89E8-3D21095EB79E
ALF-045782.18,Polyvinylpyrrolidone-iodine complex,THEM,,1kg,,26020,31230,34360,39520,,,,,300? dec.,,,,,3905999097,Ambient,Air/Sea/Road,24,9E5FF80D-D5B9-4088-A42A-EB9405D46918
ALF-045782.30,Polyvinylpyrrolidone-iodine complex,THEM,,1each,,#VALUE!,#VALUE!,#VALUE!,#VALUE!,,,,,300? dec.,,,,,3905999097,Ambient,Air/Sea/Road,24,7898391B-269C-493C-A597-1791CFD46BF3
ALF-045782.A1,Polyvinylpyrrolidone-iodine complex,THEM,,1each,,#VALUE!,#VALUE!,#VALUE!,#VALUE!,,,,,300? dec.,,,,,3905999097,Ambient,Air/Sea/Road,24,8B4DDF03-3093-4170-B9C3-A835235BD196
ALF-045788.22,"Pyromellitic dianhydride, 98%",THEM,,1each,,#VALUE!,#VALUE!,#VALUE!,#VALUE!,,,1.68,380?(716?F),284-288?,305-310?/30mm,,,,2917399590,Ambient,Air/Sea/Road,24,FE372165-3724-4E1D-9DD4-182D0C4E38A5
ALF-045788.36,"Pyromellitic dianhydride, 98%",THEM,,1each,,#VALUE!,#VALUE!,#VALUE!,#VALUE!,,,1.68,380?(716?F),284-288?,305-310?/30mm,,,,2917399590,Ambient,Air/Sea/Road,24,FADD2D1E-F106-4055-ABAF-31B8E31DE4B1
ALF-045788.A3,"Pyromellitic dianhydride, 98%",THEM,,1each,,#VALUE!,#VALUE!,#VALUE!,#VALUE!,,,1.68,380?(716?F),284-288?,305-310?/30mm,,,,2917399590,Ambient,Air/Sea/Road,24,254D7A05-394E-4249-A724-580D6A1AA723
ALF-045791.KS,"Magnesium Oxide Rectangular Tray;Length (mm), 100;Width (mm), 100;Height (mm), 25.4",THEM,,1each,,#VALUE!,#VALUE!,#VALUE!,#VALUE!,,,,,,,,,,6903909090,Ambient,Air/Sea/Road,360,45E55748-C535-4C57-9273-E518BD66D502
ALF-045792.03,"Bis(tricyclohexylphosphine)palladium(0), 97% min",THEM,,1each,,#VALUE!,#VALUE!,#VALUE!,#VALUE!,,,,,,,,,,2843909000,Ambient,Air/Sea/Road,60,0C12CE8C-2370-48C8-898F-439CFE82D3A4
ALF-045792.MD,"Bis(tricyclohexylphosphine)palladium(0), 97% min",THEM,,1each,,#VALUE!,#VALUE!,#VALUE!,#VALUE!,,,,,,,,,,2843909000,Ambient,Air/Sea/Road,60,DECB86A3-14A9-4DAC-BBC9-60FE7B867FC4
ALF-045793.N6,"Copper tubing, 6.35mm (0.25in) OD, 4.72mm (0.186in) ID",THEM,,5g,,2470,2970,3270,3770,,,,,,,,,,,Ambient,Air/Sea/Road,360,27300D19-54EB-4BEF-A456-32887A977111
ALF-045794.06,"Molybdenum nanopowder, APS 60-80nm, 99% (metals basis)",THEM,,25g,,7370,8850,9740,11210,,,,,,,3089,4.1,III,8102100000,Ambient,Air/Sea/Road,60,F2A53560-40DD-4228-9EB5-FEF2B3E2BF2E
ALF-045794.14,"Molybdenum nanopowder, APS 60-80nm, 99% (metals basis)",THEM,,100g,,24040,28850,31740,36510,,,,,,,3089,4.1,III,8102100000,Ambient,Air/Sea/Road,60,7F87E953-A836-4655-BCDA-326BD53D1D4C
ALF-045795.03,"Silica gel, HPLC/UHPLC grade, spherical, 1.6 micron APS, 110 angstroms, 99.99+%",THEM,,1each,,#VALUE!,#VALUE!,#VALUE!,#VALUE!,,,,,,,,,,2811220090,Ambient,Air/Sea/Road,60,DD8FFFBF-312B-48D0-8018-CFE8ECF8CB39
ALF-045795.06,"Silica gel, HPLC/UHPLC grade, spherical, 1.6 micron APS, 110 angstroms, 99.99+%",THEM,,1each,,#VALUE!,#VALUE!,#VALUE!,#VALUE!,,,,,,,,,,2811220090,Ambient,Air/Sea/Road,60,D6980F76-C878-4E6C-9803-7D9D3CB34ECA
ALF-045797.03,"Silica gel, HPLC grade, spherical, 2.2 micron APS, 80 angstroms, 99.99+%",THEM,,1each,,#VALUE!,#VALUE!,#VALUE!,#VALUE!,,,,,,,,,,2811220010,Ambient,Air/Sea/Road,60,28B1A12E-99CF-494B-A019-D2A5342D772B
ALF-045797.06,"Silica gel, HPLC grade, spherical, 2.2 micron APS, 80 angstroms, 99.99+%",THEM,,1g,,4410,5300,5830,6710,,,,,,,,,,2811220010,Ambient,Air/Sea/Road,60,445988D0-9158-4844-B09A-CBE6181258F9
ALF-045803.03,"Silica gel, HPLC grade, spherical, 3 micron APS, 120 angstroms, 99.99+%",THEM,,5g,,16900,20280,22310,25660,,,,,,,,,,2811220010,Ambient,Air/Sea/Road,60,26A2951D-14C8-4B18-8599-CADA0BECA5AF
ALF-045803.06,"Silica gel, HPLC grade, spherical, 3 micron APS, 120 angstroms, 99.99+%",THEM,,1each,,#VALUE!,#VALUE!,#VALUE!,#VALUE!,,,,,,,,,,2811220010,Ambient,Air/Sea/Road,60,3A341B0A-50A9-46B3-954B-85ABE3A515C4
ALF-045804.03,"Silica gel, HPLC grade, spherical, 3 micron APS, 260 angstroms, 99.99+%",THEM,,1each,,#VALUE!,#VALUE!,#VALUE!,#VALUE!,,,,,,,,,,2811220010,Ambient,Air/Sea/Road,60,17CD6F91-7542-4446-BEF5-877FC79BE919
ALF-045804.06,"Silica gel, HPLC grade, spherical, 3 micron APS, 260 angstroms, 99.99+%",THEM,,1each,,#VALUE!,#VALUE!,#VALUE!,#VALUE!,,,,,,,,,,2811220010,Ambient,Air/Sea/Road,60,F2866493-3C1B-4084-B6F8-482A4434E30E
ALF-045805.AK,"Dipentene, tech.",THEM,,1each,,#VALUE!,#VALUE!,#VALUE!,#VALUE!,,,0.85,43?(109?F),,170-180?,2052,3,III,2902190000,Ambient,Air/Sea/Road,60,607067B5-17B6-4F56-811F-07979C89FCD8
ALF-045806.0B,"Cobalt(II,III) oxide, 99.7% (metals basis)",THEM,,1each,,#VALUE!,#VALUE!,#VALUE!,#VALUE!,,,6.11,,900? dec.,,,,,2822000000,Ambient,Air/Sea/Road,120,67E0E74C-7FCC-4E17-BBD4-C415AA1BFBA7
ALF-045806.18,"Cobalt(II,III) oxide, 99.7% (metals basis)",THEM,,1each,,#VALUE!,#VALUE!,#VALUE!,#VALUE!,,,6.11,,900? dec.,,,,,2822000000,Ambient,Air/Sea/Road,120,B58CD0D6-426A-4B2A-83D9-B1661590F035
ALF-045806.30,"Cobalt(II,III) oxide, 99.7% (metals basis)",THEM,,1kg,,3420,4110,4530,5210,,,6.11,,900? dec.,,,,,2822000000,Ambient,Air/Sea/Road,120,C0382930-BDFF-46D7-A85D-CA75A92F0531
ALF-045809.06,"Silica gel, HPLC grade, spherical, 5 micron APS, 70 angstroms, 99.99+%",THEM,,1each,,#VALUE!,#VALUE!,#VALUE!,#VALUE!,,,,,,,,,,2811220010,Ambient,Air/Sea/Road,60,A6634922-6338-4E08-8B45-5EFBD7FC1555
ALF-045809.14,"Silica gel, HPLC grade, spherical, 5 micron APS, 70 angstroms, 99.99+%",THEM,,1each,,#VALUE!,#VALUE!,#VALUE!,#VALUE!,,,,,,,,,,2811220010,Ambient,Air/Sea/Road,60,597392B1-1D47-419D-9F91-2672A4E97021
ALF-045810.06,"Silica gel, HPLC grade, spherical, 5 micron APS, 120 angstroms, 99.99+%",THEM,,1each,,#VALUE!,#VALUE!,#VALUE!,#VALUE!,,,,,,,,,,2811220010,Ambient,Air/Sea/Road,60,20EFDFA5-4664-4F5C-BE3A-157BFA316180
ALF-045810.14,"Silica gel, HPLC grade, spherical, 5 micron APS, 120 angstroms, 99.99+%",THEM,,1each,,#VALUE!,#VALUE!,#VALUE!,#VALUE!,,,,,,,,,,2811220010,Ambient,Air/Sea/Road,60,83D8F658-1AF7-4BDC-9E58-F636B20DAADD
ALF-045813.KS,"Sapphire Optical Window, 50.8mm (2.0in) dia x 1mm (0.04in) thick",THEM,,25g,,2210,2660,2930,3370,,,,,,,,,,,Ambient,Air/Sea/Road,,D23A3612-DEB7-4938-BCB3-21CE7400A5DF
ALF-045814.03,"Bis(tri-o-tolylphosphine)palladium(0), Pd 14.9%",THEM,,100g,,6690,8030,8840,10170,,,,,220-225?,,,,,2843909000,Ambient,Air/Sea/Road,60,A52147FD-C6EC-4F5B-BE56-50F14027B8F6
ALF-045814.MD,"Bis(tri-o-tolylphosphine)palladium(0), Pd 14.9%",THEM,,1each,,#VALUE!,#VALUE!,#VALUE!,#VALUE!,,,,,220-225?,,,,,2843909000,Ambient,Air/Sea/Road,60,CB11883C-F5A8-4C97-9C78-14654EB0CDB2
ALF-045816.06,"Silica gel, preparative chromatography grade, spherical, 7.5 micron APS, 120 angstroms, 99.99+%",THEM,,1each,,#VALUE!,#VALUE!,#VALUE!,#VALUE!,,,,,,,,,,2811220010,Ambient,Air/Sea/Road,60,E1F9D957-DD22-403F-A170-708C87440153
ALF-045816.14,"Silica gel, preparative chromatography grade, spherical, 7.5 micron APS, 120 angstroms, 99.99+%",THEM,,75x75mm,,5440,6530,7190,8270,,,,,,,,,,2811220010,Ambient,Air/Sea/Road,60,D5FDD52F-C06A-456D-A0B7-8342C9DF840F
ALF-045819.06,"Silica gel, preparative chromatography grade, spherical, 10 micron APS, 60 angstroms, 99.99+%",THEM,,150x150mm,,20130,24160,26580,30570,,,,,,,,,,2811220010,Ambient,Air/Sea/Road,60,BAC9CFB6-65C5-444A-9813-09D66095B3DD
ALF-045819.14,"Silica gel, preparative chromatography grade, spherical, 10 micron APS, 60 angstroms, 99.99+%",THEM,,1each,,#VALUE!,#VALUE!,#VALUE!,#VALUE!,,,,,,,,,,2811220010,Ambient,Air/Sea/Road,60,9366DE71-5713-4938-99BF-65C87C08146A
ALF-045822.03,"Gold nanopowder, APS 20-25nm, 99.95+% (metals basis)",THEM,,25g,,8250,9900,10890,12530,,,,,,,,,,7108110000,Ambient,Air/Sea/Road,60,5E25BE7D-5067-4410-B313-E55C9FE88924
ALF-045827.KS,"Magnesium Oxide Rectangular Tray;Length (mm), 100;Width (mm), 50;Height (mm), 12.7",THEM,,100g,,26250,31500,34650,39850,,,,,,,,,,6903909090,Ambient,Air/Sea/Road,360,286B8A07-0BFF-4522-8EE8-0B705B149B42
ALF-045832.14,"Silica gel, preparative chromatography grade, spherical, 20 micron APS, 150 angstroms, 99.99+%",THEM,,1each,,#VALUE!,#VALUE!,#VALUE!,#VALUE!,,,,,,,,,,2811220010,Ambient,Air/Sea/Road,60,A626A15E-7440-4C1A-9C8A-6E4A1E539645
ALF-045832.22,"Silica gel, preparative chromatography grade, spherical, 20 micron APS, 150 angstroms, 99.99+%",THEM,,1kg,,7680,9220,10150,11680,,,,,,,,,,2811220010,Ambient,Air/Sea/Road,60,6B83E60C-7471-40D4-B835-4E626664FDF5
ALF-045836.14,"Silica gel, preparative chromatography grade, spherical, 50 micron APS, 60 angstroms, 99.9+%",THEM,,1each,,#VALUE!,#VALUE!,#VALUE!,#VALUE!,,,,,,,,,,2811220010,Ambient,Air/Sea/Road,60,6939DA09-C088-4436-9562-164ACAC93B60
ALF-045839.QA,"Silver, Fixing Bath, Test Strips",THEM,,75x75mm,,2170,2610,2880,3320,,,,,,,,,,3822000000,Ambient,Air/Sea/Road,24,3A317FA2-B269-4782-A5F6-80F886E80074
ALF-045841.22,"Gallium metal, packaged in polyethylene bottle, 99.9% (metals basis)",THEM,,150x150mm,,7140,8570,9430,10850,,,,,,,2803,8,III,8112928900,Ambient,Air/Sea/Road,60,19827215-FD1B-474F-9A9D-62F2FE285273
ALF-045841.36,"Gallium metal, packaged in polyethylene bottle, 99.9% (metals basis)",THEM,,1each,,#VALUE!,#VALUE!,#VALUE!,#VALUE!,,,,,,,2803,8,III,8112928900,Ambient,Air/Sea/Road,60,446D3FA6-7991-4788-8C2A-E1401EB4AE82
ALF-045842.03,"Potassium, solid, 99% (metals basis)",THEM,,1each,,#VALUE!,#VALUE!,#VALUE!,#VALUE!,,,,,,,2257,4.3,I,2805199090,Ambient,Air/Sea/Road,60,125527C2-94F2-49EB-93A8-1BB3DCCC5436
ALF-045842.06,"Potassium, solid, 99% (metals basis)",THEM,,1each,,#VALUE!,#VALUE!,#VALUE!,#VALUE!,,,,,,,2257,4.3,I,2805199090,Ambient,Air/Sea/Road,60,8DB40381-DFE6-41DB-BD6D-05DF3CED3323
ALF-045844.K2,"Ethanol, denatured, 91.6%, 3.7% methanol, 1.9% MIBK, 1% heptane, 1% ethyl acetate, 1% toluene (v/v)",THEM,,1kg,,6800,8160,8980,10330,,,0.789,8?(46?F),-130?,78?,1170,3,III,2207200090,Ambient,Air/Sea/Road,60,FECB2849-3795-4F66-9B12-2B045B555B1A
ALF-045844.K7,"Ethanol, denatured, 91.6%, 3.7% methanol, 1.9% MIBK, 1% heptane, 1% ethyl acetate, 1% toluene (v/v)",THEM,,1each,,#VALUE!,#VALUE!,#VALUE!,#VALUE!,,,0.789,8?(46?F),-130?,78?,1170,3,III,2207200090,Ambient,Air/Sea/Road,60,89F82EF8-61AD-41B0-9D85-C8A1084285D6
ALF-045844.M1,"Ethanol, denatured, 91.6%, 3.7% methanol, 1.9% MIBK, 1% heptane, 1% ethyl acetate, 1% toluene (v/v)",THEM,,1each,,#VALUE!,#VALUE!,#VALUE!,#VALUE!,,,0.789,8?(46?F),-130?,78?,1170,3,III,2207200090,Ambient,Air/Sea/Road,60,F6E00B1F-15CE-4FFA-86C5-6D64A99DA0FB
ALF-045847.22,"Hydroxypropyl methylcellulose, 28-30% methoxyl, 7-12% hydroxypropyl, viscosity (2% aq. soln., 20?C) 7500-14000 mPa.s",THEM,,1each,,#VALUE!,#VALUE!,#VALUE!,#VALUE!,,,,,,,,,,3912398590,Ambient,Air/Sea/Road,60,D791720F-DACF-4CD8-9464-BFAAA8A14420
ALF-045847.36,"Hydroxypropyl methylcellulose, 28-30% methoxyl, 7-12% hydroxypropyl, viscosity (2% aq. soln., 20?C) 7500-14000 mPa.s",THEM,,1kg,,3740,4490,4940,5690,,,,,,,,,,3912398590,Ambient,Air/Sea/Road,60,D31F8415-E7ED-4404-86E1-DBEBA4675F8B
ALF-045847.A4,"Hydroxypropyl methylcellulose, 28-30% methoxyl, 7-12% hydroxypropyl, viscosity (2% aq. soln., 20?C) 7500-14000 mPa.s",THEM,,1each,,#VALUE!,#VALUE!,#VALUE!,#VALUE!,,,,,,,,,,3912398590,Ambient,Air/Sea/Road,60,B79DAD37-C59D-4D8C-B7BF-1F9F39D75F87
ALF-045849.22,"Zinc oxide, NanoArc^t ZN-0605",THEM,,1each,,#VALUE!,#VALUE!,#VALUE!,#VALUE!,,,,,1975?,,3077,9,III,2817000000,Ambient,Air/Sea/Road,60,C0971D74-C576-4AD0-B169-1DAB1D6957E0
ALF-045849.36,"Zinc oxide, NanoArc^t ZN-0605",THEM,,1g,,4750,5700,6270,7220,,,,,1975?,,3077,9,III,2817000000,Ambient,Air/Sea/Road,60,98A8775A-630C-49B7-8060-1ADFF49BD95A
ALF-045850.KS,"Boron Nitride Rod;Diameter (mm), 6.4;Length (mm), 300",THEM,,5g,,16750,20100,22110,25430,,,2.25,,2700?,,,,,2850002090,Ambient,Air/Sea/Road,360,D31471C5-D0A5-43AD-BC6D-CDE17FB28ACD
ALF-045852.G9,"Silver wire, 0.404mm (0.0159in) dia, annealed, 99.9% (metals basis)",THEM,,1each,,#VALUE!,#VALUE!,#VALUE!,#VALUE!,,,,,,,,,,7106920000,Ambient,Air/Sea/Road,360,B170B5BB-DC56-46F6-AB1E-D7E74DF7CBC7
ALF-045852.H4,"Silver wire, 0.404mm (0.0159in) dia, annealed, 99.9% (metals basis)",THEM,,1each                    ,,#VALUE!,#VALUE!,#VALUE!,#VALUE!,,,,,,,,,,7106920000,Ambient,Air/Sea/Road,360,360DF71E-C811-403E-9DE0-7EAFB4794136
ALF-045853.03,"Bis(di-tert-butyl-phenylphosphine)palladium(0), 98%",THEM,,1g,,6990,8390,9230,10620,,,,,,,,,,2843909000,Ambient,Air/Sea/Road,36,51C338F5-3B90-45CC-900A-F985CDD09923
ALF-045853.MD,"Bis(di-tert-butyl-phenylphosphine)palladium(0), 98%",THEM,,5g,,32740,39290,43220,49710,,,,,,,,,,2843909000,Ambient,Air/Sea/Road,36,3C23C6D0-6355-4E95-A680-F6DEE03D4E4C
ALF-045854.KS,"Magnesium Oxide Crucible, Cylindrical, Flat Base;OD (mm), 32;Height (mm), 32",THEM,,250mg,,2640,3170,3490,4020,,,,,,,,,,6903909090,Ambient,Air/Sea/Road,360,19EE1CC0-C1BF-4638-814F-8D9464088BE8
ALF-045856.KS,"Cesium iodide Optical Window, 25.4mm (1.0in) dia x 2mm (0.08in) thick",THEM,,1each,,#VALUE!,#VALUE!,#VALUE!,#VALUE!,,,,,,,,,,,Ambient,Air/Sea/Road,,1BBF9DC7-469D-4149-BA97-E24846EEB40A
ALF-045862.14,"Zeolite Y, sodium",THEM,,1each,,#VALUE!,#VALUE!,#VALUE!,#VALUE!,,,,,,,,,,3824991510,Ambient,Air/Sea/Road,36,E2309667-C4E3-4B86-901B-FA2EFA00E84A
ALF-045862.22,"Zeolite Y, sodium",THEM,,1g,,3950,4740,5220,6010,,,,,,,,,,3824991510,Ambient,Air/Sea/Road,36,610DFF4D-5DD4-46FF-BAD4-A43B4E63B74B
ALF-045862.36,"Zeolite Y, sodium",THEM,,5g,,12270,14730,16210,18650,,,,,,,,,,3824991510,Ambient,Air/Sea/Road,36,E126E16E-F9AB-434B-B8A5-1AA15CF9D44B
ALF-045863.14,"Zeolite Y, ammonium",THEM,,1each,,#VALUE!,#VALUE!,#VALUE!,#VALUE!,,,,,,,,,,3824999699,Ambient,Air/Sea/Road,60,865F1651-2FDE-404E-914E-2EFBC3E2C70D
ALF-045863.22,"Zeolite Y, ammonium",THEM,,1each,,#VALUE!,#VALUE!,#VALUE!,#VALUE!,,,,,,,,,,3824999699,Ambient,Air/Sea/Road,60,1FD9FE0C-8525-42C0-852D-C1A647B346B7
ALF-045863.36,"Zeolite Y, ammonium",THEM,,1each,,#VALUE!,#VALUE!,#VALUE!,#VALUE!,,,,,,,,,,3824999699,Ambient,Air/Sea/Road,60,83F210A5-2284-446E-9603-F7AB3C449F18
ALF-045865.KS,"Magnesium Oxide Rectangular Tray;Length (mm), 150;Width (mm), 75;Height (mm), 25.4",THEM,,1each,,#VALUE!,#VALUE!,#VALUE!,#VALUE!,,,,,,,,,,6903909090,Ambient,Air/Sea/Road,360,63613917-7557-48C9-964A-20BD135EC98B
